{"cameraMode":{"drawMode":0,"name":"Shaded","section":"Shading Mode"},"sceneLighting":true,"audioPlay":false,"sceneViewState":{"m_AlwaysRefresh":false,"showFog":true,"showSkybox":true,"showFlares":true,"showImageEffects":true,"showParticleSystems":true,"showVisualEffectGraphs":true,"m_FxEnabled":true},"in2DMode":false,"pivot":{"x":0.09060640633106232,"y":2.2687838077545168,"z":21.264324188232423},"rotation":{"x":0.0033087527845054867,"y":-0.0000059863186834263619,"z":-0.000037945119402138516,"w":1.0000227689743043},"size":10.0,"orthographic":false}