{"cameraMode":{"drawMode":0,"name":"Shaded","section":"Shading Mode"},"sceneLighting":false,"audioPlay":false,"sceneViewState":{"m_AlwaysRefresh":false,"showFog":true,"showSkybox":false,"showFlares":true,"showImageEffects":true,"showParticleSystems":true,"showVisualEffectGraphs":true,"m_FxEnabled":true},"in2DMode":false,"pivot":{"x":-2.358553171157837,"y":3.9071125984191896,"z":20.06785011291504},"rotation":{"x":-0.10145655274391175,"y":-0.0343189612030983,"z":-0.0035116567742079498,"w":0.9942545294761658},"size":0.8660253882408142,"orthographic":false}